"","swelling.index","swelling.power","WAC","Bulk.Density"
"swelling.index",1,-0.207742683879959,0.634617528092799,-0.322019813092195
"swelling.power",-0.207742683879959,1,-0.116605592679641,0.0625920634131006
"WAC",0.634617528092799,-0.116605592679641,1,-0.38558926084989
"Bulk.Density",-0.322019813092195,0.0625920634131006,-0.38558926084989,1
